Date,AAPL,AMZN,GOOGL,MSFT
2022-01-03,179.0765838623047,170.4044952392578,144.63336181640625,326.2876892089844
2022-01-04,176.8038330078125,167.52200317382812,144.04283142089844,320.6928405761719
2022-01-05,172.10084533691406,164.35699462890625,137.4346923828125,308.382080078125
2022-01-06,169.2279052734375,163.25399780273438,137.40725708007812,305.9452819824219
2022-01-07,169.39520263671875,162.5540008544922,136.67855834960938,306.1012878417969
2022-01-10,169.41485595703125,161.48599243164062,138.3269805908203,306.325439453125
2022-01-11,172.25828552246094,165.36199951171875,139.39083862304688,307.0174865722656
2022-01-12,172.70103454589844,165.20700073242188,141.08116149902344,310.22430419921875
2022-01-13,169.41485595703125,161.21400451660156,138.24468994140625,297.0947570800781
2022-01-14,170.2807159423828,162.13800048828125,139.13597106933594,302.35833740234375
2022-01-18,167.06336975097656,158.91749572753906,135.66207885742188,294.9991455078125
2022-01-19,163.5509033203125,156.2989959716797,134.78274536132812,295.6619567871094
2022-01-20,161.85861206054688,151.66749572753906,132.9782257080078,293.97576904296875
2022-01-21,159.79249572753906,142.64300537109375,130.02952575683594,288.5465393066406
2022-01-24,159.0151824951172,144.54400634765625,130.4809112548828,288.8779296875
2022-01-25,157.20486450195312,139.98599243164062,126.6214599609375,281.1971130371094
2022-01-26,157.11631774902344,138.87249755859375,128.91378784179688,289.2093811035156
2022-01-27,156.65390014648438,139.6374969482422,128.6863555908203,292.2602233886719
2022-01-28,167.58482360839844,143.97799682617188,133.02162170410156,300.4674072265625
2022-01-31,171.96310424804688,149.57350158691406,134.9692840576172,303.11859130859375
2022-02-01,171.79583740234375,151.19349670410156,137.30401611328125,300.95477294921875
2022-02-02,173.0060577392578,150.6125030517578,147.6344451904297,305.535888671875
2022-02-03,170.11341857910156,138.8455047607422,142.73655700683594,293.6345520019531
2022-02-04,169.82769775390625,157.63949584960938,142.93905639648438,298.2060546875
2022-02-07,169.1085968017578,157.9355010986328,138.857177734375,293.3421936035156
2022-02-08,172.23146057128906,161.4134979248047,139.0546875,296.86090087890625
2022-02-09,173.65992736816406,161.1894989013672,141.24224853515625,303.34283447265625
2022-02-10,169.5617218017578,159.0034942626953,138.277587890625,294.7359619140625
2022-02-11,166.1334686279297,153.2935028076172,133.95082092285156,287.58148193359375
2022-02-14,166.36988830566406,155.16700744628906,135.19125366210938,287.5426025390625
2022-02-15,170.22177124023438,156.510498046875,136.2710723876953,292.8742980957031
2022-02-16,169.98536682128906,158.10049438476562,137.39779663085938,292.5324401855469
2022-02-17,166.36988830566406,154.65249633789062,132.2116241455078,283.9665222167969
2022-02-18,164.8134002685547,152.60150146484375,130.08090209960938,281.2315979003906
2022-02-22,161.87771606445312,150.19749450683594,129.49285888671875,281.0264892578125
2022-02-23,157.6908416748047,144.82699584960938,127.2728500366211,273.7497863769531
2022-02-24,160.32118225097656,151.35800170898438,132.3632354736328,287.7366027832031
2022-02-25,162.39979553222656,153.7884979248047,134.1273956298828,290.3934020996094
2022-02-28,162.66578674316406,153.56300354003906,134.72341918945312,291.8389587402344
2022-03-01,160.7743377685547,151.14199829101562,133.7303466796875,288.08831787109375
2022-03-02,164.08438110351562,152.05250549316406,134.23910522460938,293.20648193359375
2022-03-03,163.75929260253906,147.89849853515625,133.5687713623047,289.0356750488281
2022-03-04,160.74478149414062,145.64100646972656,131.58067321777344,283.1166687011719
2022-03-07,156.9322967529297,137.4530029296875,126.06634521484375,272.42144775390625
2022-03-08,155.09994506835938,136.01449584960938,126.7905502319336,269.4326477050781
2022-03-09,160.52806091308594,139.2790069580078,133.0904541015625,281.7882995605469
2022-03-10,156.16387939453125,146.8175048828125,132.10240173339844,278.9460754394531
2022-03-11,152.4302215576172,145.52450561523438,129.54971313476562,273.5544128417969
2022-03-14,148.38128662109375,141.85299682617188,125.639892578125,270.0089416503906
2022-03-15,152.7848663330078,147.3665008544922,128.8788604736328,280.4697265625
2022-03-16,157.21795654296875,153.10400390625,132.9512939453125,287.5413513183594
2022-03-17,158.232666015625,157.23899841308594,133.50840759277344,288.3520202636719
2022-03-18,161.542724609375,161.25050354003906,135.78927612304688,293.4407958984375
2022-03-21,162.92193603515625,161.4915008544922,135.76531982421875,292.20037841796875
2022-03-22,166.310791015625,164.88900756835938,139.52252197265625,296.986328125
2022-03-23,167.68014526367188,163.4080047607422,137.93394470214844,292.5226745605469
2022-03-24,171.4827880859375,163.64950561523438,141.22232055664062,297.0254211425781
2022-03-25,172.1231231689453,164.77349853515625,141.32305908203125,296.6152038574219
2022-03-28,172.99002075195312,168.99049377441406,141.10610961914062,303.471923828125
2022-03-29,176.3000946044922,169.31500244140625,142.15350341796875,308.07232666015625
2022-03-30,175.12777709960938,166.30099487304688,141.58790588378906,306.5583801269531
2022-03-31,172.0147247314453,162.99749755859375,138.7239990234375,301.1374816894531
2022-04-01,171.71920776367188,163.55999755859375,139.8043212890625,302.2216796875
2022-04-04,175.78781127929688,168.34649658203125,142.61834716796875,307.6425476074219
2022-04-05,172.45803833007812,164.05499267578125,140.24374389648438,303.647705078125
2022-04-06,169.27603149414062,158.75599670410156,136.21072387695312,292.5324401855469
2022-04-07,169.58145141601562,157.7845001220703,135.55284118652344,294.35894775390625
2022-04-08,167.56190490722656,154.4604949951172,132.95828247070312,290.0613098144531
2022-04-11,163.28640747070312,151.1219940185547,128.5052947998047,278.62371826171875
2022-04-12,165.1680450439453,150.78750610351562,127.39904022216797,275.4981384277344
2022-04-13,167.8673095703125,155.54100036621094,129.57315063476562,280.9288024902344
2022-04-14,162.83326721191406,151.7064971923828,126.41697692871094,273.32000732421875
2022-04-18,162.61654663085938,152.78500366210938,127.36112976074219,273.9939880371094
2022-04-19,164.91189575195312,158.11549377441406,129.68788146972656,278.6628112792969
2022-04-20,164.74444580078125,153.9980010986328,127.72372436523438,279.6981201171875
2022-04-21,163.94647216796875,148.29600524902344,124.50619506835938,274.2772521972656
2022-04-22,159.3852996826172,144.35000610351562,119.33999633789062,267.6549987792969
2022-04-25,160.45909118652344,146.07400512695312,122.77000427246094,274.1893005371094
2022-04-26,154.46942138671875,139.39100646972656,118.35693359375,263.93359375
2022-04-27,154.24285888671875,138.16700744628906,114.01219177246094,276.6311340332031
2022-04-28,161.20779418945312,144.59649658203125,118.22974395751953,282.8920593261719
2022-04-29,155.3068084716797,124.28150177001953,113.82764434814453,271.0637512207031
2022-05-02,155.61219787597656,124.5,116.29503631591797,277.8521423339844
2022-05-03,157.10958862304688,124.25350189208984,117.04418182373047,275.2247009277344
2022-05-04,163.55239868164062,125.92849731445312,121.95901489257812,283.23394775390625
2022-05-05,154.43991088867188,116.40699768066406,116.21772766113281,270.89776611328125
2022-05-06,155.16995239257812,114.77249908447266,115.4605941772461,268.3387145996094
2022-05-09,150.0199737548828,108.78900146484375,112.23309326171875,258.4248352050781
2022-05-10,152.4371337890625,108.85900115966797,114.11243438720703,263.2303771972656
2022-05-11,144.5345916748047,105.37200164794922,113.3218994140625,254.48855590820312
2022-05-12,140.6474609375,106.93049621582031,112.56527709960938,249.4095458984375
2022-05-13,145.1364288330078,113.05500030517578,115.76385498046875,255.0453338623047
2022-05-16,143.58746337890625,110.81050109863281,114.16231536865234,255.4164276123047
2022-05-17,147.2378387451172,115.36849975585938,116.185302734375,260.6127624511719
2022-05-18,138.9307861328125,107.11250305175781,111.62310791015625,248.74710083007812
2022-05-19,135.50733947753906,107.31900024414062,110.1113510131836,247.82681274414062
2022-05-20,135.74412536621094,107.59100341796875,108.63898468017578,247.2589874267578
2022-05-23,141.19007873535156,107.55699920654297,111.21261596679688,255.17916870117188
2022-05-24,138.47695922851562,104.0999984741211,105.708251953125,254.1708221435547
2022-05-25,138.63482666015625,106.7750015258789,105.54365539550781,257.0098876953125
2022-05-26,141.85107421875,111.07749938964844,107.52625274658203,260.3190002441406
2022-05-27,147.63246154785156,115.14649963378906,112.03907012939453,267.50494384765625
2022-05-31,146.84320068359375,120.20950317382812,113.48100280761719,266.1636962890625
2022-06-01,146.71493530273438,121.68399810791016,113.61067962646484,266.7021789550781
2022-06-02,149.18141174316406,125.51100158691406,117.33197021484375,268.81683349609375
2022-06-03,143.42959594726562,122.3499984741211,114.2580795288086,264.3525085449219
2022-06-06,144.1793975830078,124.79000091552734,116.53195190429688,263.1091613769531
2022-06-07,146.71493530273438,123.0,116.86013793945312,266.78045654296875
2022-06-08,145.97500610351562,121.18000030517578,116.90452575683594,264.7343444824219
2022-06-09,140.7263641357422,116.1500015258789,114.5518569946289,259.2323303222656
2022-06-10,135.290283203125,109.6500015258789,110.88692474365234,247.6800079345703
2022-06-13,130.11074829101562,103.66999816894531,106.12970733642578,237.1751708984375
2022-06-14,130.97891235351562,102.30999755859375,106.451904296875,239.3583984375
2022-06-15,133.61309814453125,107.66999816894531,109.49337768554688,246.4757843017578
2022-06-16,128.31512451171875,103.66000366210938,105.77159118652344,239.8283233642578
2022-06-17,129.79502868652344,106.22000122070312,106.87885284423828,242.45204162597656
2022-06-21,134.0471649169922,108.68000030517578,111.26847839355469,248.41424560546875
2022-06-22,133.5341796875,108.94999694824219,111.21212005615234,247.81704711914062
2022-06-23,136.4149932861328,112.44000244140625,111.96475219726562,253.4267120361328
2022-06-24,139.75953674316406,116.45999908447266,117.68359375,262.08123779296875
2022-06-27,139.75953674316406,113.22000122070312,115.5473861694336,259.3302307128906
2022-06-28,135.59613037109375,107.4000015258789,111.7308349609375,251.09671020507812
2022-06-29,137.36212158203125,108.91999816894531,111.42559051513672,254.7974090576172
2022-06-30,134.88580322265625,106.20999908447266,108.69385528564453,251.43936157226562
2022-07-01,137.06614685058594,109.55999755859375,108.46891784667969,254.13165283203125
2022-07-05,139.66082763671875,113.5,112.98323822021484,257.3330383300781
2022-07-06,141.00262451171875,114.33000183105469,114.28899383544922,260.62249755859375
2022-07-07,144.38661193847656,116.33000183105469,118.4896011352539,262.76654052734375
2022-07-08,145.0673370361328,115.54000091552734,119.0586929321289,262.0420837402344
2022-07-11,142.9264678955078,111.75,115.39077758789062,258.95819091796875
2022-07-12,143.90316772460938,109.22000122070312,113.73886108398438,248.34571838378906
2022-07-13,143.53811645507812,110.4000015258789,111.07844543457031,247.4156494140625
2022-07-14,146.4781494140625,110.62999725341797,110.09488677978516,248.74710083007812
2022-07-15,148.15533447265625,113.55000305175781,111.50140380859375,251.3316650390625
2022-07-18,145.096923828125,113.76000213623047,108.76068878173828,248.91354370117188
2022-07-19,148.97422790527344,118.20999908447266,113.52888488769531,254.08273315429688
2022-07-20,150.98683166503906,122.7699966430664,113.61865997314453,256.7651672363281
2022-07-21,153.26585388183594,124.62999725341797,114.05757141113281,259.2812805175781
2022-07-22,152.02273559570312,122.41999816894531,107.63348388671875,254.89532470703125
2022-07-25,150.89805603027344,121.13999938964844,107.24444580078125,253.39739990234375
2022-07-26,149.566162109375,114.80999755859375,104.7605972290039,246.6128387451172
2022-07-27,154.6865234375,120.97000122070312,112.78073120117188,263.0993957519531
2022-07-28,155.23904418945312,122.27999877929688,113.93787384033203,270.6084289550781
2022-07-29,160.3297882080078,134.9499969482422,116.03268432617188,274.8475341796875
2022-08-01,159.3432159423828,135.38999938964844,114.57628631591797,272.17486572265625
2022-08-02,157.8633270263672,134.16000366210938,114.84561920166016,269.0517883300781
2022-08-03,163.90126037597656,139.52000427246094,117.78833770751953,276.5412292480469
2022-08-04,163.5855255126953,142.57000732421875,117.8980712890625,277.69647216796875
2022-08-05,163.35830688476562,140.8000030517578,117.17984771728516,276.97198486328125
2022-08-08,162.88406372070312,139.41000366210938,117.01026916503906,274.4363708496094
2022-08-09,162.9334716796875,137.8300018310547,116.3419189453125,276.374755859375
2022-08-10,167.20144653320312,142.69000244140625,119.40433502197266,283.0908203125
2022-08-11,166.46047973632812,140.63999938964844,118.54645538330078,280.9956970214844
2022-08-12,170.0269775390625,143.5500030517578,121.37944793701172,285.7830810546875
2022-08-15,171.10386657714844,143.17999267578125,121.77845764160156,287.3103332519531
2022-08-16,170.94580078125,144.77999877929688,121.3993911743164,286.5662841796875
2022-08-17,172.447509765625,142.10000610351562,119.25470733642578,285.8108825683594
2022-08-18,172.05230712890625,142.3000030517578,119.8731689453125,284.6825866699219
2022-08-19,169.4539794921875,138.22999572753906,116.92048645019531,280.7386169433594
2022-08-22,165.5515594482422,133.22000122070312,113.95781707763672,272.49749755859375
2022-08-23,165.21566772460938,133.6199951171875,113.5787582397461,271.21221923828125
2022-08-24,165.51206970214844,133.8000030517578,113.40918731689453,270.57452392578125
2022-08-25,167.98191833496094,137.27999877929688,116.36186981201172,273.57666015625
2022-08-26,161.6491241455078,130.75,110.06745147705078,263.0201416015625
2022-08-29,159.43612670898438,129.7899932861328,109.14972686767578,260.2142639160156
2022-08-30,156.99586486816406,128.72999572753906,108.6709213256836,257.9969177246094
2022-08-31,155.32623291015625,126.7699966430664,107.95269775390625,256.52532958984375
2022-09-01,156.05731201171875,127.81999969482422,109.46894073486328,255.47555541992188
2022-09-02,153.93319702148438,127.51000213623047,107.58360290527344,251.21762084960938
2022-09-06,152.66864013671875,126.11000061035156,106.54617309570312,248.46078491210938
2022-09-07,154.08143615722656,129.47999572753906,109.17964935302734,253.2092742919922
2022-09-08,152.59947204589844,129.82000732421875,108.11229705810547,253.631103515625
2022-09-09,155.4744110107422,133.27000427246094,110.37669372558594,259.4587707519531
2022-09-12,161.46145629882812,136.4499969482422,110.58616638183594,261.6073913574219
2022-09-13,151.9869384765625,126.81999969482422,104.06232452392578,247.22463989257812
2022-09-14,153.43923950195312,128.5500030517578,104.74064636230469,247.4502716064453
2022-09-15,150.53465270996094,126.27999877929688,102.65580749511719,240.7396240234375
2022-09-16,148.88478088378906,123.52999877929688,102.54608154296875,240.11172485351562
2022-09-19,152.6192169189453,124.66000366210938,102.8154067993164,239.89588928222656
2022-09-20,155.0100555419922,122.19000244140625,100.89017486572266,237.86500549316406
2022-09-21,151.86839294433594,118.54000091552734,99.03477478027344,234.4312286376953
2022-09-22,150.9001922607422,117.30999755859375,99.89264678955078,236.42282104492188
2022-09-23,148.61802673339844,113.77999877929688,98.49610137939453,233.42068481445312
2022-09-26,148.95391845703125,115.1500015258789,97.9275131225586,232.95956420898438
2022-09-27,149.9320068359375,114.41000366210938,97.25917053222656,231.9392547607422
2022-09-28,148.0351104736328,118.01000213623047,99.8028793334961,236.5111541748047
2022-09-29,140.7637939453125,114.80000305175781,97.17936706542969,233.0086212158203
2022-09-30,136.53533935546875,113.0,95.41374206542969,228.49563598632812
2022-10-03,140.734130859375,115.87999725341797,98.39635467529297,236.18739318847656
2022-10-04,144.34019470214844,121.08999633789062,101.38894653320312,244.1734161376953
2022-10-05,144.6365509033203,120.94999694824219,101.1794662475586,244.4873809814453
2022-10-06,143.67822265625,120.30000305175781,101.16948699951172,242.12295532226562
2022-10-07,138.40257263183594,114.55999755859375,98.4362564086914,229.810302734375
2022-10-10,138.7285919189453,113.66999816894531,97.61827850341797,224.91465759277344
2022-10-11,137.30592346191406,112.20999908447266,96.93995666503906,221.1472930908203
2022-10-12,136.6736297607422,112.9000015258789,97.31901550292969,221.48085021972656
2022-10-13,141.26763916015625,112.52999877929688,98.81531524658203,229.810302734375
2022-10-14,136.7131805419922,106.9000015258789,96.32148742675781,224.23765563964844
2022-10-17,140.69464111328125,113.79000091552734,99.72307586669922,233.0380859375
2022-10-18,142.01849365234375,116.36000061035156,100.5210952758789,233.98971557617188
2022-10-19,142.12713623046875,115.06999969482422,99.3839111328125,232.00791931152344
2022-10-20,141.662841796875,115.25,99.72307586669922,231.6841583251953
2022-10-21,145.49606323242188,119.31999969482422,100.88020324707031,237.54124450683594
2022-10-24,147.64981079101562,119.81999969482422,102.26676940917969,242.57424926757812
2022-10-25,150.50502014160156,120.5999984741211,104.22193145751953,245.91976928710938
2022-10-26,147.55101013183594,115.66000366210938,94.69551849365234,226.9455108642578
2022-10-27,143.05584716796875,110.95999908447266,91.99221801757812,222.46192932128906
2022-10-28,153.8640594482422,103.41000366210938,96.05216217041016,231.40945434570312
2022-10-31,151.49298095703125,102.44000244140625,94.27655792236328,227.74017333984375
2022-11-01,148.83535766601562,96.79000091552734,90.24653625488281,223.8551025390625
2022-11-02,143.28306579589844,92.12000274658203,86.75518035888672,215.93768310546875
2022-11-03,137.20713806152344,89.30000305175781,83.22393035888672,210.19830322265625
2022-11-04,136.93995666503906,90.9800033569336,86.36614227294922,217.2032928466797
2022-11-07,137.4743194580078,90.52999877929688,88.27142333984375,223.5607452392578
2022-11-08,138.0482940673828,89.9800033569336,88.68041229248047,224.5418243408203
2022-11-09,133.46646118164062,86.13999938964844,87.10431671142578,220.2642822265625
2022-11-10,145.34158325195312,96.62999725341797,93.70796203613281,238.38499450683594
2022-11-11,148.1421661376953,100.79000091552734,96.17186737060547,242.43690490722656
2022-11-14,146.73690795898438,98.48999786376953,95.46360778808594,236.9820556640625
2022-11-15,148.47860717773438,98.94000244140625,98.19684600830078,237.3940887451172
2022-11-16,147.24160766601562,97.12000274658203,98.6058349609375,237.82701110839844
2022-11-17,149.15151977539062,94.8499984741211,98.1170425415039,237.77777099609375
2022-11-18,149.71560668945312,94.13999938964844,97.18934631347656,237.32522583007812
2022-11-21,146.4697265625,92.45999908447266,95.36386108398438,238.14183044433594
2022-11-22,148.6171417236328,93.19999694824219,96.81028747558594,241.07369995117188
2022-11-23,149.49790954589844,94.12999725341797,98.216796875,243.58255004882812
2022-11-25,146.56869506835938,93.41000366210938,97.21926879882812,243.4939727783203
2022-11-28,142.7191619873047,93.94999694824219,95.81275939941406,237.8565216064453
2022-11-29,139.700927734375,92.41999816894531,94.95487976074219,236.44961547851562
2022-11-30,146.48953247070312,96.54000091552734,100.74055480957031,251.02047729492188
2022-12-01,146.7666015625,95.5,100.74055480957031,250.57772827148438
2022-12-02,146.27183532714844,94.12999725341797,100.19190979003906,250.9024200439453
2022-12-05,145.10409545898438,91.01000213623047,99.23428344726562,246.1602325439453
2022-12-06,141.42279052734375,88.25,96.7404556274414,241.1622314453125
2022-12-07,139.47329711914062,88.45999908447266,94.70549011230469,240.42434692382812
2022-12-08,141.16552734375,90.3499984741211,93.47853088378906,243.4054412841797
2022-12-09,140.68063354492188,89.08999633789062,92.6007080078125,241.45742797851562
2022-12-12,142.98638916015625,90.55000305175781,93.07951354980469,248.4329376220703
2022-12-13,143.95619201660156,92.48999786376953,95.39379119873047,252.77174377441406
2022-12-14,141.71969604492188,91.58000183105469,94.83517456054688,253.06689453125
2022-12-15,135.07949829101562,88.44999694824219,90.63557434082031,244.9894561767578
2022-12-16,133.1102294921875,87.86000061035156,90.03705596923828,240.7392120361328
2022-12-19,130.99249267578125,84.91999816894531,88.22154998779297,236.56765747070312
2022-12-20,130.9232177734375,85.19000244140625,88.80011749267578,237.89585876464844
2022-12-21,134.0404510498047,86.7699966430664,89.35873413085938,240.48338317871094
2022-12-22,130.8539276123047,83.79000091552734,87.54322814941406,234.34417724609375
2022-12-23,130.48780822753906,85.25,89.00959777832031,234.87542724609375
2022-12-27,128.67686462402344,83.04000091552734,87.17414093017578,233.13404846191406
2022-12-28,124.72837829589844,81.81999969482422,85.80752563476562,230.7432403564453
2022-12-29,128.26123046875,84.18000030517578,88.23152160644531,237.11859130859375
2022-12-30,128.577880859375,84.0,88.01206970214844,235.9478302001953
2023-01-03,123.7684555053711,85.81999969482422,88.89987182617188,235.71173095703125
2023-01-04,125.04503631591797,85.13999938964844,87.86244201660156,225.4009246826172
2023-01-05,123.71896362304688,83.12000274658203,85.98707580566406,218.72055053710938
2023-01-06,128.2711181640625,86.08000183105469,87.12425994873047,221.29823303222656
2023-01-09,128.79559326171875,87.36000061035156,87.80258178710938,223.45286560058594
2023-01-10,129.36956787109375,89.87000274658203,88.20159912109375,225.15493774414062
2023-01-11,132.10084533691406,95.08999633789062,91.29393768310547,231.9632110595703
2023-01-12,132.0216827392578,95.2699966430664,90.90489959716797,234.6589813232422
2023-01-13,133.3576202392578,98.12000274658203,91.89246368408203,235.36737060546875
2023-01-17,134.52536010742188,96.05000305175781,91.06450653076172,236.46926879882812
2023-01-18,133.80296325683594,95.45999908447266,90.89493560791016,232.00259399414062
2023-01-19,133.8623046875,93.68000030517578,92.8201675415039,228.18521118164062
2023-01-20,136.43524169921875,97.25,97.77787780761719,236.3413848876953
2023-01-23,139.64154052734375,97.5199966430664,99.54351806640625,238.66326904296875
2023-01-24,141.04676818847656,96.31999969482422,97.45867156982422,238.13198852539062
2023-01-25,140.38372802734375,97.18000030517578,94.98480224609375,236.72506713867188
2023-01-26,142.4619140625,99.22000122070312,97.27911376953125,243.9957733154297
2023-01-27,144.41139221191406,102.23999786376953,99.12455749511719,244.15318298339844
2023-01-30,141.51187133789062,100.55000305175781,96.70055389404297,238.7911834716797
2023-01-31,142.78843688964844,103.12999725341797,98.59585571289062,243.808837890625
2023-02-01,143.91656494140625,105.1500015258789,100.18193817138672,248.6690673828125
2023-02-02,149.25050354003906,112.91000366210938,107.473876953125,260.32769775390625
2023-02-03,152.89219665527344,103.38999938964844,104.52118682861328,254.17864990234375
2023-02-06,150.15103149414062,102.18000030517578,102.64583587646484,252.62411499023438
2023-02-07,153.04063415527344,102.11000061035156,107.3741226196289,263.2399597167969
2023-02-08,150.33905029296875,100.05000305175781,99.12455749511719,262.42333984375
2023-02-09,149.29998779296875,98.23999786376953,94.77532196044922,259.363525390625
2023-02-10,149.6666717529297,97.61000061035156,94.33641052246094,258.8519592285156
2023-02-13,152.48141479492188,99.54000091552734,94.37631225585938,266.939208984375
2023-02-14,151.83718872070312,99.69999694824219,94.44613647460938,267.7755432128906
2023-02-15,153.94825744628906,101.16000366210938,96.70055389404297,265.63519287109375
2023-02-16,152.3426513671875,98.1500015258789,95.27408599853516,258.5633239746094
2023-02-17,151.1929931640625,97.19999694824219,94.11695098876953,254.5292205810547
2023-02-21,147.15919494628906,94.58000183105469,91.56327819824219,249.2130126953125
2023-02-22,147.58535766601562,95.79000091552734,91.42362213134766,248.06884765625
2023-02-23,148.07101440429688,95.81999969482422,90.66549682617188,251.28427124023438
2023-02-24,145.4049530029297,93.5,88.90984344482422,245.81019592285156
2023-02-27,146.60415649414062,93.76000213623047,89.64801788330078,246.73733520507812
2023-02-28,146.0987091064453,94.2300033569336,89.8375473022461,246.0074462890625
2023-03-01,144.0173797607422,92.16999816894531,90.13681030273438,242.9005889892578
2023-03-02,144.61204528808594,92.12999725341797,91.77275848388672,247.67433166503906
2023-03-03,149.68650817871094,94.9000015258789,93.4186782836914,251.79713439941406
2023-03-06,152.46160888671875,93.75,94.89501953125,253.3555145263672
2023-03-07,150.25143432617188,93.55000305175781,93.62815856933594,250.67276000976562
2023-03-08,151.51011657714844,93.91999816894531,94.01719665527344,250.22889709472656
2023-03-09,149.2504119873047,92.25,92.09196472167969,248.8677978515625
2023-03-10,147.1790008544922,90.7300033569336,90.40613555908203,245.18881225585938
2023-03-13,149.13148498535156,92.43000030517578,90.88495635986328,250.44590759277344
2023-03-14,151.2326202392578,94.87999725341797,93.7378921508789,257.2218933105469
2023-03-15,151.6290740966797,96.19999694824219,95.87260437011719,261.80828857421875
2023-03-16,154.46363830566406,100.04000091552734,100.07220458984375,272.4210510253906
2023-03-17,153.62118530273438,98.94999694824219,101.3689956665039,275.60687255859375
2023-03-20,155.9998321533203,97.70999908447266,100.96998596191406,268.50537109375
2023-03-21,157.86309814453125,100.61000061035156,104.66084289550781,270.0341796875
2023-03-22,156.42601013183594,98.69999694824219,103.11466979980469,268.5646057128906
2023-03-23,157.51622009277344,98.70999908447266,105.33916473388672,273.861083984375
2023-03-24,158.82447814941406,98.12999725341797,105.1795654296875,276.7312927246094
2023-03-27,156.8720245361328,98.04000091552734,102.20691680908203,272.5986328125
2023-03-28,156.24761962890625,97.23999786376953,100.78045654296875,271.46435546875
2023-03-29,159.33987426757812,100.25,101.13956451416016,276.672119140625
2023-03-30,160.91571044921875,102.0,100.64080047607422,280.16363525390625
2023-03-31,163.43313598632812,103.29000091552734,103.47378540039062,284.35546875
2023-04-03,164.6918182373047,102.41000366210938,104.10222625732422,283.3001708984375
2023-04-04,164.15663146972656,103.94999694824219,104.46134185791016,283.2508239746094
2023-04-05,162.3032684326172,101.0999984741211,104.21195220947266,280.4496765136719
2023-04-06,163.19529724121094,102.05999755859375,108.1521987915039,287.6103515625
2023-04-10,160.58863830566406,102.16999816894531,106.17709350585938,285.4306335449219
2023-04-11,159.36961364746094,99.91999816894531,105.08977508544922,278.9603576660156
2023-04-12,158.67581176757812,97.83000183105469,104.38153839111328,279.6112976074219
2023-04-13,164.0872344970703,102.4000015258789,107.16464233398438,285.8744201660156
2023-04-14,163.74037170410156,102.51000213623047,108.60108947753906,282.2250671386719
2023-04-17,163.76019287109375,102.73999786376953,105.708251953125,284.8486633300781
2023-04-18,164.98916625976562,102.30000305175781,104.24188232421875,284.42449951171875
2023-04-19,166.13885498046875,104.30000305175781,103.92266845703125,284.50347900390625
2023-04-20,165.1675567626953,103.80999755859375,105.0299301147461,282.1954650878906
2023-04-21,163.5520782470703,106.95999908447266,105.1496353149414,281.8503112792969
2023-04-24,163.85931396484375,106.20999908447266,105.708251953125,277.9148254394531
2023-04-25,162.3131866455078,102.56999969482422,103.5934829711914,271.6517639160156
2023-04-26,162.3032684326172,104.9800033569336,103.45382690429688,291.3287658691406
2023-04-27,166.91192626953125,109.81999969482422,107.3242416381836,300.6593322753906
2023-04-28,168.17059326171875,105.44999694824219,107.07486724853516,303.0561218261719
2023-05-01,168.08139038085938,102.05000305175781,106.93521118164062,301.3793640136719
2023-05-02,167.04074096679688,103.62999725341797,105.05985260009766,301.2314147949219
2023-05-03,165.96044921875,103.6500015258789,105.1496353149414,300.23529052734375
2023-05-04,164.31521606445312,104.0,104.43141174316406,301.2314147949219
2023-05-05,172.0260009765625,105.66000366210938,105.30923461914062,306.3997497558594
2023-05-08,171.9566192626953,105.83000183105469,107.50379943847656,304.42706298828125
2023-05-09,170.24200439453125,106.62000274658203,107.0848388671875,302.7996520996094
2023-05-10,172.01608276367188,110.19000244140625,111.4739761352539,308.0369873046875
2023-05-11,172.2044219970703,112.18000030517578,116.28206634521484,305.86712646484375
2023-05-12,171.27146911621094,110.26000213623047,117.2197494506836,304.74273681640625
2023-05-15,170.7752227783203,111.19999694824219,116.22222137451172,305.2260437011719
2023-05-16,170.7752227783203,113.4000015258789,119.21480560302734,307.47479248046875
2023-05-17,171.39056396484375,115.5,120.54151916503906,310.3809509277344
2023-05-18,173.73281860351562,118.1500015258789,122.52660369873047,314.8488464355469
2023-05-19,173.84197998046875,116.25,122.45677947998047,314.6708679199219
2023-05-22,172.8892059326172,115.01000213623047,124.74111938476562,317.4781799316406
2023-05-23,170.26907348632812,114.98999786376953,122.25727081298828,311.62640380859375
2023-05-24,170.54696655273438,116.75,120.60137176513672,310.2326965332031
2023-05-25,171.68832397460938,115.0,123.17500305175781,322.16357421875
2023-05-26,174.10995483398438,120.11000061035156,124.30220794677734,329.05322265625
2023-05-30,175.9658660888672,121.66000366210938,123.3645248413086,327.3925476074219
2023-05-31,175.916259765625,120.58000183105469,122.5665054321289,324.6050720214844
2023-06-01,178.73487854003906,122.7699966430664,123.4144058227539,328.7467956542969
2023-06-02,179.58840942382812,124.25,124.36205291748047,331.5343017578125
2023-06-05,178.2287139892578,125.30000305175781,125.6987533569336,332.0680847167969
2023-06-06,177.86151123046875,126.61000061035156,126.99553680419922,329.8340759277344
2023-06-07,176.4819793701172,121.2300033569336,122.19741821289062,319.6528015136719
2023-06-08,179.21127319335938,124.25,121.83831024169922,321.51116943359375
2023-06-09,179.5983428955078,123.43000030517578,121.92808532714844,323.0235290527344
2023-06-12,182.4070281982422,126.56999969482422,123.33460235595703,328.02520751953125
2023-06-13,181.9306640625,126.66000366210938,123.52413177490234,330.43707275390625
2023-06-14,182.56582641601562,126.41999816894531,123.3645248413086,333.451904296875
2023-06-15,184.61032104492188,127.11000061035156,124.78101348876953,344.087890625
2023-06-16,183.52853393554688,125.48999786376953,123.22486877441406,338.38433837890625
2023-06-20,183.6178436279297,125.77999877929688,122.79593658447266,334.1536865234375
2023-06-21,182.57577514648438,124.83000183105469,120.25223541259766,329.7154541015625
2023-06-22,185.59288024902344,130.14999389648438,122.84580993652344,335.7946472167969
2023-06-23,185.27528381347656,129.3300018310547,122.03781127929688,331.1586608886719
2023-06-26,183.8759002685547,127.33000183105469,118.04769134521484,324.8126220703125
2023-06-27,186.6448974609375,129.17999267578125,118.03772735595703,330.7138366699219
2023-06-28,187.82595825195312,129.0399932861328,119.88314819335938,331.97906494140625
2023-06-29,188.16339111328125,127.9000015258789,118.80581665039062,331.18829345703125
2023-06-30,192.5104522705078,130.36000061035156,119.40433502197266,336.6150817871094
2023-07-03,191.0117950439453,130.22000122070312,119.60384368896484,334.09442138671875
2023-07-05,189.8903045654297,130.3800048828125,121.44927215576172,334.2525939941406
2023-07-06,190.36669921875,128.36000061035156,119.81331634521484,337.3365783691406
2023-07-07,189.24517822265625,129.77999877929688,119.18488311767578,333.333251953125
2023-07-10,187.19078063964844,127.12999725341797,116.16236114501953,328.00543212890625
2023-07-11,186.66476440429688,128.77999877929688,116.85065460205078,328.6380310058594
2023-07-12,188.34202575683594,130.8000030517578,118.63623809814453,333.3135986328125
2023-07-13,189.1062469482422,134.3000030517578,124.23238372802734,338.7105712890625
2023-07-14,189.255126953125,134.67999267578125,125.1102066040039,341.2608337402344
2023-07-17,192.53028869628906,133.55999755859375,124.34210968017578,341.7452087402344
2023-07-18,192.27223205566406,132.8300018310547,123.45430755615234,355.3465576171875
2023-07-19,193.63194274902344,135.36000061035156,121.72857666015625,350.9874572753906
2023-07-20,191.67678833007812,129.9600067138672,118.90557098388672,342.8720703125
2023-07-21,190.4957275390625,130.0,119.72354125976562,339.80780029296875
2023-07-24,191.29959106445312,128.8000030517578,121.22981262207031,341.13232421875
2023-07-25,192.16310119628906,129.1300048828125,121.90813446044922,346.9346923828125
2023-07-26,193.03643798828125,128.14999389648438,128.95069885253906,333.876953125
2023-07-27,191.76608276367188,128.25,129.0803680419922,326.9082336425781
2023-07-28,194.3564453125,132.2100067138672,132.25253295898438,334.47003173828125
2023-07-31,194.97178649902344,133.67999267578125,132.39218139648438,332.04827880859375
2023-08-01,194.13812255859375,131.69000244140625,131.22506713867188,332.46343994140625
2023-08-02,191.13087463378906,128.2100067138672,128.06289672851562,323.725341796875
2023-08-03,189.73150634765625,128.91000366210938,128.13270568847656,322.8949890136719
2023-08-04,180.62060546875,139.57000732421875,127.79356384277344,324.0021057128906
2023-08-07,177.50424194335938,142.22000122070312,131.20510864257812,326.30523681640625
2023-08-08,178.44708251953125,139.94000244140625,131.07542419433594,322.2920227050781
2023-08-09,176.84918212890625,137.85000610351562,129.33973693847656,318.51605224609375
2023-08-10,176.6308135986328,138.55999755859375,129.36965942382812,319.2079772949219
2023-08-11,176.69046020507812,138.41000366210938,129.23997497558594,317.3101501464844
2023-08-14,178.35012817382812,140.57000732421875,131.00559997558594,320.30523681640625
2023-08-15,176.35256958007812,137.6699981689453,129.45944213867188,318.1502990722656
2023-08-16,175.47802734375,135.07000732421875,128.38211059570312,317.3777160644531
2023-08-17,172.92388916015625,133.97999572753906,129.59909057617188,313.8908996582031
2023-08-18,173.410888671875,133.22000122070312,127.14517211914062,313.4947204589844
2023-08-21,174.7525177001953,134.67999267578125,128.0529022216797,318.84375
2023-08-22,176.1339111328125,134.25,128.76116943359375,319.4182434082031
2023-08-23,179.9998779296875,135.52000427246094,132.04302978515625,323.9154357910156
2023-08-24,175.28919982910156,131.83999633789062,129.45944213867188,316.9517517089844
2023-08-25,177.50540161132812,133.25999450683594,129.55918884277344,319.9333801269531
2023-08-28,179.0756378173828,133.13999938964844,130.68638610839844,320.6465759277344
2023-08-29,182.98130798339844,134.91000366210938,134.23760986328125,325.3121337890625
2023-08-30,186.489501953125,135.07000732421875,135.54437255859375,325.6885681152344
2023-08-31,186.7081298828125,138.00999450683594,135.83364868164062,324.66827392578125
2023-09-01,188.28831481933594,138.1199951171875,135.32492065429688,325.5597839355469
2023-09-05,188.5268096923828,137.27000427246094,135.4346466064453,330.4036560058594
2023-09-06,181.77880859375,135.36000061035156,134.1278839111328,329.7399597167969
2023-09-07,176.46188354492188,137.85000610351562,134.9259033203125,326.7980041503906
2023-09-08,177.0780487060547,138.22999572753906,136.0431365966797,331.1168518066406
2023-09-11,178.25074768066406,143.10000610351562,136.58180236816406,334.7522888183594
2023-09-12,175.20970153808594,141.22999572753906,135.00570678710938,328.6404113769531
2023-09-13,173.13259887695312,144.85000610351562,136.37232971191406,332.8900146484375
2023-09-14,174.65313720703125,144.72000122070312,137.75888061523438,335.50506591796875
2023-09-15,173.92767333984375,140.38999938964844,137.06060791015625,327.1050720214844
2023-09-18,176.8693389892578,139.97999572753906,137.86862182617188,325.9560241699219
2023-09-19,177.96255493164062,137.6300048828125,137.69903564453125,325.54986572265625
2023-09-20,174.40467834472656,135.2899932861328,133.40966796875,317.7441711425781
2023-09-21,172.85430908203125,129.3300018310547,130.11781311035156,316.5158996582031
2023-09-22,173.70901489257812,129.1199951171875,129.9282684326172,314.0196838378906
2023-09-25,174.99105834960938,131.27000427246094,130.78614807128906,314.544677734375
2023-09-26,170.89654541015625,125.9800033569336,128.25242614746094,309.19561767578125
2023-09-27,169.3759765625,125.9800033569336,130.21755981445312,309.8395080566406
2023-09-28,169.63438415527344,125.9800033569336,131.98318481445312,310.6814880371094
2023-09-29,170.15115356445312,127.12000274658203,130.53677368164062,312.77154541015625
2023-10-02,172.67544555664062,129.4600067138672,133.83859252929688,318.76446533203125
2023-10-03,171.3337860107422,124.72000122070312,132.10289001464844,310.4338684082031
2023-10-04,172.58602905273438,127.0,134.9059600830078,315.9512939453125
2023-10-05,173.82826232910156,125.95999908447266,134.7363739013672,316.3475036621094
2023-10-06,176.392333984375,127.95999908447266,137.2401580810547,324.1730041503906
2023-10-09,177.883056640625,128.25999450683594,138.07809448242188,326.7088623046875
2023-10-10,177.2867431640625,129.47999572753906,137.71897888183594,325.2923278808594
2023-10-11,178.68804931640625,131.8300018310547,140.20285034179688,329.2843322753906
2023-10-12,179.59242248535156,132.3300018310547,138.62673950195312,328.03619384765625
2023-10-13,177.74392700195312,129.7899932861328,137.02072143554688,324.6385498046875
2023-10-16,177.61471557617188,132.5500030517578,138.75640869140625,329.5022277832031
2023-10-17,176.05442810058594,131.47000122070312,139.37489318847656,328.9277038574219
2023-10-18,174.7525177001953,128.1300048828125,137.61923217773438,326.99609375
2023-10-19,174.3748779296875,128.39999389648438,137.40975952148438,328.1947021484375
2023-10-20,171.81085205078125,125.16999816894531,135.2650604248047,323.5885925292969
2023-10-23,171.93008422851562,126.55999755859375,136.16282653808594,326.2135925292969
2023-10-24,172.3673858642578,128.55999755859375,138.46713256835938,327.4121398925781
2023-10-25,170.04185485839844,121.38999938964844,125.29973602294922,337.45648193359375
2023-10-26,165.85787963867188,119.56999969482422,121.97796630859375,324.7970886230469
2023-10-27,167.17965698242188,127.73999786376953,121.86823272705078,326.6989440917969
2023-10-30,169.23684692382812,132.7100067138672,124.15258026123047,334.128173828125
2023-10-31,169.71388244628906,133.08999633789062,123.77352142333984,334.920654296875
2023-11-01,172.8940887451172,137.0,126.13765716552734,342.8055419921875
2023-11-02,176.4718475341797,138.07000732421875,127.17509460449219,345.0343322753906
2023-11-03,175.55751037597656,138.60000610351562,128.7811279296875,349.4720458984375
2023-11-06,178.12156677246094,139.74000549316406,129.9282684326172,353.1669006347656
2023-11-07,180.69557189941406,142.7100067138672,130.64649963378906,357.1291809082031
2023-11-08,181.75894165039062,142.0800018310547,131.51434326171875,359.7739562988281
2023-11-09,181.2819061279297,140.60000610351562,129.91830444335938,357.2876281738281
2023-11-10,185.49127197265625,143.55999755859375,132.2624969482422,366.18292236328125
2023-11-13,183.89906311035156,142.58999633789062,131.7637176513672,363.2211608886719
2023-11-14,186.52621459960938,145.8000030517578,133.28994750976562,366.7772521972656
2023-11-15,187.0934295654297,143.1999969482422,134.28749084472656,366.9261474609375
2023-11-16,188.78515625,142.8300018310547,136.59176635742188,373.3779602050781
2023-11-17,188.76522827148438,145.17999267578125,134.9757843017578,367.1048583984375
2023-11-20,190.51666259765625,146.1300048828125,135.9134521484375,374.63848876953125
2023-11-21,189.71060180664062,143.89999389648438,136.6316680908203,370.3009338378906
2023-11-22,190.37733459472656,146.7100067138672,138.14791870117188,375.04547119140625
2023-11-24,189.0438690185547,146.74000549316406,136.3523712158203,374.6285400390625
2023-11-27,188.86474609375,147.72999572753906,136.07305908203125,375.7997741699219
2023-11-28,189.4717559814453,147.02999877929688,136.86111450195312,379.8594665527344
2023-11-29,188.44679260253906,146.32000732421875,134.6565704345703,376.03802490234375
2023-11-30,189.0239715576172,146.08999633789062,132.20263671875,376.09759521484375
2023-12-01,190.3076934814453,147.02999877929688,131.5343017578125,371.730224609375
2023-12-04,188.50650024414062,144.83999633789062,128.95069885253906,366.400146484375
2023-12-05,192.47705078125,146.8800048828125,130.6664581298828,369.7550048828125
2023-12-06,191.38241577148438,144.52000427246094,129.6988525390625,366.0626220703125
2023-12-07,193.32290649414062,146.8800048828125,136.59176635742188,368.1966552734375
2023-12-08,194.75588989257812,147.4199981689453,134.6565704345703,371.45233154296875
2023-12-11,192.2382049560547,145.88999938964844,132.96075439453125,368.5440368652344
2023-12-12,193.76077270507812,147.47999572753906,132.1926727294922,371.6012268066406
2023-12-13,196.99493408203125,148.83999633789062,132.2425537109375,371.59124755859375
2023-12-14,197.14418029785156,147.4199981689453,131.61410522460938,363.21392822265625
2023-12-15,196.60682678222656,149.97000122070312,132.27247619628906,367.9783020019531
2023-12-18,194.9350128173828,154.07000732421875,135.46456909179688,369.8840026855469
2023-12-19,195.97988891601562,153.7899932861328,136.3124542236328,370.48956298828125
2023-12-20,193.88018798828125,152.1199951171875,137.99827575683594,367.8691101074219
2023-12-21,193.73089599609375,153.83999633789062,140.07315063476562,370.7674560546875
2023-12-22,192.6561737060547,153.4199981689453,141.14051818847656,371.7997131347656
2023-12-26,192.10885620117188,153.41000366210938,141.17044067382812,371.8791198730469
2023-12-27,192.20835876464844,153.33999633789062,140.0232696533203,371.29351806640625
2023-12-28,192.63629150390625,153.3800048828125,139.8836212158203,372.4945068359375
2023-12-29,191.5913848876953,151.94000244140625,139.34495544433594,373.2488708496094
2024-01-02,184.73497009277344,149.92999267578125,137.82870483398438,368.11724853515625
2024-01-03,183.35174560546875,148.47000122070312,138.5768585205078,367.8492736816406
2024-01-04,181.02317810058594,144.57000732421875,136.05311584472656,365.208984375
2024-01-05,180.29669189453125,145.24000549316406,135.3947296142578,365.0204162597656
2024-01-08,184.65536499023438,149.10000610351562,138.49705505371094,371.9089050292969
2024-01-09,184.23741149902344,151.3699951171875,140.6018524169922,373.0007629394531
2024-01-10,185.28228759765625,153.72999572753906,141.92855834960938,379.92889404296875
2024-01-11,184.6852264404297,155.17999267578125,141.72906494140625,381.7751159667969
2024-01-12,185.01361083984375,154.6199951171875,142.29763793945312,385.58660888671875
2024-01-16,182.73477172851562,153.16000366210938,142.13804626464844,387.37322998046875
2024-01-17,181.78939819335938,151.7100067138672,141.12057495117188,386.57916259765625
2024-01-18,187.7104034423828,153.5,143.12559509277344,390.946533203125
2024-01-19,190.62611389160156,155.33999633789062,146.0184326171875,395.7109375
2024-01-22,192.9447479248047,154.77999877929688,145.62939453125,393.56695556640625
2024-01-23,194.2284698486328,156.02000427246094,146.6768035888672,395.9391784667969
2024-01-24,193.55177307128906,156.8699951171875,148.33270263671875,399.5720520019531
2024-01-25,193.223388671875,157.75,151.49485778808594,401.86492919921875
2024-01-26,191.48191833496094,159.1199951171875,151.8140869140625,400.931884765625
2024-01-29,190.79527282714844,161.25999450683594,153.1308135986328,406.67889404296875
2024-01-30,187.12327575683594,159.0,151.0858917236328,405.5572509765625
2024-01-31,183.5010223388672,155.1999969482422,139.7539520263672,394.6289978027344
2024-02-01,185.94903564453125,159.27999877929688,140.81134033203125,400.78302001953125
2024-02-02,184.94395446777344,171.80999755859375,142.0283203125,408.16778564453125
2024-02-05,186.7650146484375,170.30999755859375,143.32510375976562,402.6391296386719
2024-02-06,188.37713623046875,169.14999389648438,143.7440643310547,402.4802551269531
2024-02-07,188.48658752441406,170.52999877929688,145.1804962158203,410.97674560546875
2024-02-08,187.40191650390625,169.83999633789062,145.54959106445312,411.0362854003906
2024-02-09,188.1691436767578,174.4499969482422,148.63197326660156,417.4284973144531
2024-02-12,186.47525024414062,172.33999633789062,147.16558837890625,412.17779541015625
2024-02-13,184.37286376953125,168.63999938964844,144.781494140625,403.30413818359375
2024-02-14,183.48606872558594,170.97999572753906,145.5795135498047,407.2022399902344
2024-02-15,183.19712829589844,169.8000030517578,142.4173583984375,404.2886047363281
2024-02-16,181.6527099609375,169.50999450683594,140.17291259765625,401.8025817871094
2024-02-20,180.90541076660156,167.0800018310547,140.77142333984375,400.5396728515625
2024-02-21,181.66268920898438,168.58999633789062,142.19790649414062,399.93304443359375
2024-02-22,183.70526123046875,174.5800018310547,143.7340850830078,409.35015869140625
2024-02-23,181.86195373535156,174.99000549316406,143.6044158935547,408.0474853515625
2024-02-26,180.50686645507812,174.72999572753906,137.23019409179688,405.2631530761719
2024-02-27,181.97157287597656,173.5399932861328,138.53697204589844,405.2034606933594
2024-02-28,180.76593017578125,173.16000366210938,136.0431365966797,405.4421081542969
2024-02-29,180.0983428955078,176.75999450683594,138.1179962158203,411.3290710449219
2024-03-01,179.01226806640625,178.22000122070312,136.80125427246094,413.17864990234375
2024-03-04,174.4687042236328,177.5800018310547,133.0206298828125,412.6018981933594
2024-03-05,169.5066680908203,174.1199951171875,132.34230041503906,400.4004211425781
2024-03-06,168.51025390625,173.50999450683594,131.07542419433594,399.8435363769531
2024-03-07,168.3907012939453,176.82000732421875,134.04808044433594,406.8542175292969
2024-03-08,170.11447143554688,175.35000610351562,135.07553100585938,403.95050048828125
2024-03-11,172.12718200683594,171.9600067138672,137.3299560546875,402.2599792480469
2024-03-12,172.60543823242188,175.38999938964844,138.15789794921875,412.9598693847656
2024-03-13,170.51303100585938,176.55999755859375,139.44471740722656,412.7809143066406
2024-03-14,172.3762664794922,178.75,142.7465362548828,422.8443603515625
2024-03-15,171.99765014648438,174.4199981689453,140.83126831054688,414.0935363769531
2024-03-18,173.09368896484375,174.47999572753906,147.31521606445312,414.9884948730469
2024-03-19,175.4451904296875,175.89999389648438,146.6668243408203,419.0556335449219
2024-03-20,178.02581787109375,178.14999389648438,148.3726043701172,422.85430908203125
2024-03-21,170.7521514892578,178.14999389648438,147.2354278564453,426.9711608886719
2024-03-22,171.6588592529297,178.8699951171875,150.39759826660156,426.34466552734375
2024-03-25,170.23403930664062,179.7100067138672,149.69932556152344,420.4975280761719
2024-03-26,169.09814453125,178.3000030517578,150.29783630371094,419.29425048828125
2024-03-27,172.68515014648438,179.8300018310547,150.49732971191406,419.07550048828125
2024-03-28,170.86175537109375,180.3800048828125,150.55718994140625,418.3694763183594
2024-04-01,169.4169921875,180.97000122070312,155.10594177246094,422.197998046875
2024-04-02,168.2312774658203,180.69000244140625,154.17822265625,419.0854797363281
2024-04-03,169.03834533691406,182.41000366210938,154.53733825683594,418.10101318359375
2024-04-04,168.21136474609375,180.0,150.15818786621094,415.54534912109375
2024-04-05,168.96859741210938,185.07000732421875,152.12332153320312,423.1426696777344
2024-04-08,167.84268188476562,185.19000244140625,154.467529296875,422.2178649902344
2024-04-09,169.0582733154297,185.6699981689453,156.21319580078125,423.8984069824219
2024-04-10,167.1750946044922,185.9499969482422,155.75433349609375,420.8952941894531
2024-04-11,174.40892028808594,189.0500030517578,159.01626586914062,425.5392150878906
2024-04-12,175.91348266601562,186.1300048828125,157.3404083251953,419.54290771484375
2024-04-15,172.06739807128906,183.6199951171875,154.4774932861328,411.3290710449219
2024-04-16,168.7693328857422,183.32000732421875,154.01861572265625,412.2637939453125
2024-04-17,167.39430236816406,181.27999877929688,155.0859832763672,409.5390930175781
2024-04-18,166.437744140625,179.22000122070312,155.62464904785156,402.0113830566406
2024-04-19,164.40512084960938,174.6300048828125,153.7093963623047,396.8901672363281
2024-04-22,165.24208068847656,177.22999572753906,155.8939666748047,398.7198791503906
2024-04-23,166.2982635498047,179.5399932861328,157.86907958984375,405.29296875
2024-04-24,168.41062927246094,176.58999633789062,158.73695373535156,406.7746276855469
2024-04-25,169.27749633789062,173.6699981689453,155.6146697998047,396.81060791015625
2024-04-26,168.6896209716797,179.6199951171875,171.52528381347656,404.0499572753906
2024-04-29,172.8744659423828,180.9600067138672,165.73959350585938,400.002685546875
2024-04-30,169.7158966064453,175.0,162.3779296875,387.15484619140625
2024-05-01,168.6896209716797,179.0,163.45526123046875,392.7335205078125
2024-05-02,172.4061737060547,184.72000122070312,166.20843505859375,395.6173095703125
2024-05-03,182.71885681152344,186.2100067138672,166.82691955566406,404.3880310058594
2024-05-06,181.0548858642578,188.6999969482422,167.68479919433594,411.2296142578125
2024-05-07,181.7423858642578,188.75999450683594,170.82699584960938,407.0530700683594
2024-05-08,182.0811767578125,188.0,168.96163940429688,408.2463684082031
2024-05-09,183.90457153320312,189.5,169.54019165039062,410.01641845703125
2024-05-10,182.63742065429688,187.47999572753906,168.23341369628906,412.4228820800781
2024-05-13,185.8601531982422,186.57000732421875,168.72222900390625,411.4085998535156
2024-05-14,187.00755310058594,187.07000732421875,169.91925048828125,414.23272705078125
2024-05-15,189.2924041748047,185.99000549316406,172.08389282226562,421.4751281738281
2024-05-16,189.41212463378906,183.6300048828125,173.749755859375,419.3930969238281
2024-05-17,189.4420623779297,184.6999969482422,175.6251220703125,418.61602783203125
2024-05-20,190.6094207763672,183.5399932861328,176.48300170898438,423.7265930175781
2024-05-21,191.91647338867188,183.14999389648438,177.41070556640625,427.4125671386719
2024-05-22,190.46974182128906,183.1300048828125,175.9443359375,428.8869323730469
2024-05-23,186.45880126953125,181.0500030517578,173.121337890625,425.3802795410156
2024-05-24,189.5518035888672,180.75,174.5577850341797,428.5283203125
2024-05-28,189.56179809570312,182.14999389648438,175.9642791748047,428.68768310546875
2024-05-29,189.86111450195312,182.02000427246094,175.4654998779297,427.5420837402344
2024-05-30,190.85885620117188,179.32000732421875,171.6848907470703,413.0970764160156
2024-05-31,191.8166961669922,176.44000244140625,172.07391357421875,413.5553283691406
2024-06-03,193.59266662597656,178.33999633789062,172.7422637939453,411.951416015625
2024-06-04,193.91195678710938,179.33999633789062,173.36073303222656,414.49176025390625
2024-06-05,195.42852783203125,181.27999877929688,174.9767303466797,422.4016418457031
2024-06-06,194.04165649414062,185.0,176.29345703125,422.90966796875
2024-06-07,196.4462432861328,184.3000030517578,174.02908325195312,422.24224853515625
2024-06-10,192.68472290039062,187.05999755859375,174.778076171875,426.2469787597656
2024-06-11,206.68310546875,187.22999572753906,176.3859405517578,431.0387268066406
2024-06-12,212.58978271484375,186.88999938964844,177.55438232421875,439.386962890625
2024-06-13,213.75714111328125,183.8300018310547,174.92788696289062,439.9049987792969
2024-06-14,212.01107788085938,183.66000366210938,176.5557098388672,440.8912353515625
2024-06-17,216.18165588378906,184.05999755859375,177.005126953125,446.6692199707031
2024-06-18,213.8070068359375,182.80999755859375,174.85797119140625,444.6469421386719
2024-06-20,209.20741271972656,186.10000610351562,176.06637573242188,444.0093688964844
2024-06-21,207.02235412597656,189.0800018310547,179.3919677734375,448.0738830566406
2024-06-24,207.67086791992188,185.57000732421875,178.9824981689453,445.971923828125
2024-06-25,208.59878540039062,186.33999633789062,183.78611755371094,449.23944091796875
2024-06-26,212.7693634033203,193.61000061035156,183.63632202148438,450.4448547363281
2024-06-27,213.61746215820312,197.85000610351562,185.164306640625,451.1322326660156
2024-06-28,210.14527893066406,193.25,181.9086151123047,445.254638671875
2024-07-01,216.261474609375,197.1999969482422,182.7475128173828,454.9975280761719
2024-07-02,219.77354431152344,200.0,184.99452209472656,457.537841796875
2024-07-03,221.0506591796875,197.58999633789062,185.57376098632812,459.0221862792969
2024-07-05,225.82984924316406,200.0,190.34742736816406,465.78643798828125
2024-07-08,227.30653381347656,199.2899932861328,188.7794952392578,464.471435546875
2024-07-09,228.16458129882812,199.33999633789062,188.7295684814453,457.796875
2024-07-10,232.4548797607422,199.7899932861328,190.9266357421875,464.4814147949219
2024-07-11,227.05709838867188,195.0500030517578,185.3240966796875,452.9752197265625
2024-07-12,230.0203857421875,194.49000549316406,184.8247528076172,451.8295593261719
2024-07-15,233.87168884277344,192.72000122070312,186.28280639648438,452.238037109375
2024-07-16,234.29075622558594,193.02000427246094,183.67626953125,447.81488037109375
2024-07-17,228.3641357421875,187.92999267578125,180.78012084960938,441.8376159667969
2024-07-18,223.67471313476562,183.75,177.45452880859375,438.6995849609375
2024-07-19,223.80442810058594,183.1300048828125,177.42457580566406,435.4519348144531
2024-07-22,223.45523071289062,182.5500030517578,181.4292449951172,441.25982666015625
2024-07-23,224.5028533935547,186.41000366210938,181.54908752441406,443.16259765625
2024-07-24,218.04742431640625,180.8300018310547,172.40122985839844,427.2730712890625
2024-07-25,216.99981689453125,179.85000610351562,167.05831909179688,416.8128967285156
2024-07-26,217.46875,182.5,166.7786865234375,423.6568298339844
2024-07-29,217.7481231689453,183.1999969482422,169.3053436279297,425.111328125
2024-07-30,218.30685424804688,181.7100067138672,170.0643310546875,421.3157958984375
2024-07-31,221.5794677734375,186.97999572753906,171.3126678466797,416.76312255859375
2024-08-01,217.8678436279297,184.07000732421875,170.53370666503906,415.5278015136719
2024-08-02,219.3644561767578,167.89999389648438,166.43914794921875,406.94049072265625
2024-08-05,208.79833984375,161.02000427246094,159.03897094726562,393.6510925292969
2024-08-06,206.76292419433594,161.92999267578125,158.08023071289062,398.09417724609375
2024-08-07,209.34710693359375,162.77000427246094,158.7293701171875,396.9186706542969
2024-08-08,212.8292236328125,165.8000030517578,161.81527709960938,401.1625061035156
2024-08-09,215.7526397705078,166.94000244140625,163.45310974121094,404.4798583984375
2024-08-12,217.2909393310547,166.8000030517578,162.07492065429688,405.2668762207031
2024-08-13,221.02682495117188,170.22999572753906,163.9424591064453,412.4395751953125
2024-08-14,221.47633361816406,170.10000610351562,160.157470703125,415.27874755859375
2024-08-15,224.47303771972656,177.58999633789062,161.08624267578125,420.1889343261719
2024-08-16,225.80157470703125,177.05999755859375,162.74404907226562,417.634033203125
2024-08-19,225.64175415039062,178.22000122070312,166.44912719726562,420.68792724609375
2024-08-20,226.2610626220703,178.8800048828125,166.9584503173828,423.9513854980469
2024-08-21,226.15118408203125,180.11000061035156,165.63021850585938,423.292724609375
2024-08-22,224.2832489013672,176.1300048828125,163.5829315185547,414.7198791503906
2024-08-23,226.5906982421875,177.0399932861328,165.4005126953125,415.9573974609375
2024-08-26,226.93032836914062,175.5,165.93980407714844,412.6639709472656
2024-08-27,227.77938842773438,173.1199951171875,164.46176147460938,413.0132751464844
2024-08-28,226.2410888671875,170.8000030517578,162.6342010498047,409.77978515625
2024-08-29,229.53746032714844,172.1199951171875,161.56561279296875,412.29473876953125
2024-08-30,228.7483367919922,178.5,163.1634979248047,416.30670166015625
2024-09-03,222.52517700195312,176.25,157.15147399902344,408.6220703125
2024-09-04,220.6072998046875,173.3300018310547,156.24267578125,408.0831604003906
2024-09-05,222.13560485839844,177.88999938964844,157.03163146972656,407.5741882324219
2024-09-06,220.57733154296875,171.38999938964844,150.72000122070312,400.8975524902344
2024-09-09,220.66722106933594,175.39999389648438,148.7100067138672,404.9095153808594
2024-09-10,219.86810302734375,179.5500030517578,148.66000366210938,413.3725891113281
2024-09-11,222.41529846191406,184.52000427246094,151.16000366210938,422.1949157714844
2024-09-12,222.52517700195312,187.0,154.69000244140625,426.1470031738281
2024-09-13,222.25547790527344,186.49000549316406,157.4600067138672,429.7298278808594
2024-09-16,216.082275390625,184.88999938964844,158.05999755859375,430.47833251953125
2024-09-17,216.55174255371094,186.8800048828125,159.32000732421875,434.2807312011719
2024-09-18,220.4474639892578,186.42999267578125,159.80999755859375,429.94940185546875
2024-09-19,228.61846923828125,189.8699951171875,162.13999938964844,437.81365966796875
2024-09-20,227.94920349121094,191.60000610351562,163.58999633789062,434.4004821777344
2024-09-23,226.2211151123047,193.8800048828125,161.85000610351562,432.6440124511719
2024-09-24,227.1201171875,193.9600067138672,162.2899932861328,428.31268310546875
2024-09-25,226.1212158203125,192.52999877929688,161.49000549316406,431.2467956542969
2024-09-26,227.26995849609375,191.16000366210938,162.72999572753906,430.4483947753906
2024-09-27,227.53965759277344,187.97000122070312,163.9499969482422,427.1649475097656
2024-09-30,232.7439422607422,186.3300018310547,165.85000610351562,429.4403991699219
2024-10-01,225.96141052246094,185.1300048828125,166.99000549316406,419.849609375
2024-10-02,226.53077697753906,184.75999450683594,165.86000061035156,416.2967224121094
2024-10-03,225.42198181152344,181.9600067138672,165.86000061035156,415.7079162597656
2024-10-04,226.55075073242188,186.50999450683594,167.05999755859375,415.2288513183594
2024-10-07,221.4463653564453,180.8000030517578,162.97999572753906,408.7218933105469
2024-10-08,225.52188110351562,182.72000122070312,164.3800048828125,413.8815612792969
2024-10-09,229.28773498535156,185.1699981689453,161.86000061035156,416.62603759765625
2024-10-10,228.7882843017578,186.64999389648438,162.0800018310547,415.0093078613281
2024-10-11,227.2999267578125,188.82000732421875,163.24000549316406,415.48834228515625
2024-10-14,231.04580688476562,187.5399932861328,164.9600067138672,418.302734375
2024-10-15,233.59300231933594,187.69000244140625,165.4600067138672,417.90350341796875
2024-10-16,231.5252685546875,186.88999938964844,165.16000366210938,415.2887268066406
2024-10-17,231.89486694335938,187.52999877929688,162.92999267578125,415.8875427246094
2024-10-18,234.74172973632812,188.99000549316406,163.4199981689453,417.3246765136719
2024-10-21,236.22010803222656,189.07000732421875,164.07000732421875,417.94342041015625
2024-10-22,235.60079956054688,189.6999969482422,165.13999938964844,426.656005859375
2024-10-23,230.5063934326172,184.7100067138672,162.77999877929688,423.7518005371094
2024-10-24,230.31661987304688,186.3800048828125,162.72000122070312,423.8815612792969
2024-10-25,231.1556854248047,187.8300018310547,165.27000427246094,427.2947082519531
2024-10-28,233.14349365234375,188.38999938964844,166.72000122070312,425.7378234863281
2024-10-29,233.41319274902344,190.8300018310547,169.67999267578125,431.0871276855469
2024-10-30,229.8471221923828,192.72999572753906,174.4600067138672,431.66595458984375
